,station_id,num_bikes_available,num_bikes_disabled,num_docks_available,num_docks_disabled,last_reported,is_charging_station,status,is_installed,is_renting,is_returning,traffic,num_bikes_available_types.mechanical,num_bikes_available_types.ebike
0,7000,11,0,34,1,1738636388,False,IN_SERVICE,1,1,1,,11,0
1,7001,5,0,18,0,1738636343,True,IN_SERVICE,1,1,1,,5,0
2,7002,2,1,14,0,1738636443,False,IN_SERVICE,1,1,1,,2,0
3,7003,2,0,13,0,1738636475,False,IN_SERVICE,1,1,1,,2,0
4,7005,8,1,13,0,1738636399,False,IN_SERVICE,1,1,1,,8,0
5,7006,7,1,23,0,1738636428,False,IN_SERVICE,1,1,1,,7,0
6,7007,4,2,11,0,1738636383,False,IN_SERVICE,1,1,1,,4,0
7,7008,17,0,1,0,1738636401,False,IN_SERVICE,1,1,1,,17,0
8,7009,17,1,7,0,1738636450,False,IN_SERVICE,1,1,1,,17,0
9,7010,13,0,5,0,1738636385,False,IN_SERVICE,1,1,1,,13,0
10,7012,11,0,4,0,1738636414,False,IN_SERVICE,1,1,1,,11,0
11,7013,15,1,3,0,1738636496,False,IN_SERVICE,1,1,1,,15,0
12,7014,3,2,12,0,1738636346,False,IN_SERVICE,1,1,1,,2,1
13,7015,16,2,19,0,1738636409,False,IN_SERVICE,1,1,1,,16,0
14,7016,26,0,8,0,1738636436,False,IN_SERVICE,1,1,1,,26,0
15,7017,2,1,9,0,1738636337,False,IN_SERVICE,1,1,1,,2,0
16,7018,28,0,21,0,1738636478,False,IN_SERVICE,1,1,1,,28,0
17,7019,29,1,24,0,1738636332,False,IN_SERVICE,1,1,1,,29,0
18,7020,30,0,2,0,1738636506,False,IN_SERVICE,1,1,1,,30,0
19,7021,43,1,15,2,1738636490,False,IN_SERVICE,1,1,1,,43,0
20,7022,33,0,6,0,1738636417,False,IN_SERVICE,1,1,1,,33,0
21,7023,7,1,3,0,1738636422,False,IN_SERVICE,1,1,1,,7,0
22,7024,14,1,24,0,1738636371,False,IN_SERVICE,1,1,1,,14,0
23,7025,12,0,10,0,1738636478,False,IN_SERVICE,1,1,1,,11,1
24,7026,1,0,13,0,1738636451,False,IN_SERVICE,1,1,1,,1,0
25,7027,24,2,3,0,1738636456,False,IN_SERVICE,1,1,1,,24,0
26,7028,22,0,7,0,1738636424,False,IN_SERVICE,1,1,1,,22,0
27,7029,0,1,14,0,1738636419,False,IN_SERVICE,1,1,1,,0,0
28,7030,20,0,14,1,1738636333,False,IN_SERVICE,1,1,1,,20,0
29,7031,2,0,20,1,1738636453,False,IN_SERVICE,1,1,1,,2,0
30,7032,2,2,10,1,1738636465,False,IN_SERVICE,1,1,1,,2,0
31,7033,15,4,5,0,1738636387,False,IN_SERVICE,1,1,1,,15,0
32,7034,0,2,13,0,1738636376,False,IN_SERVICE,1,1,1,,0,0
33,7035,16,1,13,0,1738636450,False,IN_SERVICE,1,1,1,,16,0
34,7036,6,0,13,0,1738636418,False,IN_SERVICE,1,1,1,,6,0
35,7037,0,2,25,0,1738636464,False,IN_SERVICE,1,1,1,,0,0
36,7038,5,0,10,0,1738636372,False,IN_SERVICE,1,1,1,,5,0
37,7039,1,0,18,0,1738636448,False,IN_SERVICE,1,1,1,,1,0
38,7040,4,1,14,0,1738636441,False,IN_SERVICE,1,1,1,,4,0
39,7041,12,0,11,0,1738636447,False,IN_SERVICE,1,1,1,,12,0
40,7042,9,0,21,1,1738636375,False,IN_SERVICE,1,1,1,,8,1
41,7043,5,1,13,0,1738636333,False,IN_SERVICE,1,1,1,,4,1
42,7044,18,1,16,0,1738636442,False,IN_SERVICE,1,1,1,,18,0
43,7045,20,0,15,0,1738636389,False,IN_SERVICE,1,1,1,,20,0
44,7046,2,0,39,0,1738636470,False,IN_SERVICE,1,1,1,,2,0
45,7047,3,0,22,0,1738636457,False,IN_SERVICE,1,1,1,,2,1
46,7048,35,0,12,0,1738636459,False,IN_SERVICE,1,1,1,,35,0
47,7049,8,1,6,0,1738636442,False,IN_SERVICE,1,1,1,,8,0
48,7050,4,0,12,0,1738636492,True,IN_SERVICE,1,1,1,,4,0
49,7052,11,0,44,0,1738636400,False,IN_SERVICE,1,1,1,,11,0
50,7053,22,0,5,0,1738636345,False,IN_SERVICE,1,1,1,,22,0
51,7054,8,0,0,0,1738636508,False,IN_SERVICE,1,1,1,,8,0
52,7055,5,0,10,0,1738636483,False,IN_SERVICE,1,1,1,,5,0
53,7057,17,0,10,0,1738636395,False,IN_SERVICE,1,1,1,,17,0
54,7059,9,1,4,0,1738636467,False,IN_SERVICE,1,1,1,,9,0
55,7061,0,0,12,3,1738636491,False,IN_SERVICE,1,1,1,,0,0
56,7063,7,0,14,2,1738636460,False,IN_SERVICE,1,1,1,,7,0
57,7064,3,0,16,0,1738636397,False,IN_SERVICE,1,1,1,,3,0
58,7065,13,0,2,0,1738636367,False,IN_SERVICE,1,1,1,,12,1
59,7066,12,0,3,0,1738636428,False,IN_SERVICE,1,1,1,,12,0
60,7068,1,0,21,0,1738636391,False,IN_SERVICE,1,1,1,,1,0
61,7069,7,0,2,1,1738636346,False,IN_SERVICE,1,1,1,,7,0
62,7070,7,0,4,0,1738636373,False,IN_SERVICE,1,1,1,,7,0
63,7071,9,0,14,0,1738636372,False,IN_SERVICE,1,1,1,,8,1
64,7073,5,0,17,0,1738636382,False,IN_SERVICE,1,1,1,,5,0
65,7074,12,0,2,0,1738636337,False,IN_SERVICE,1,1,1,,12,0
66,7075,9,0,18,0,1738636507,False,IN_SERVICE,1,1,1,,9,0
67,7076,48,0,8,1,1738636385,False,IN_SERVICE,1,1,1,,48,0
68,7077,14,0,4,0,1738636414,False,IN_SERVICE,1,1,1,,14,0
69,7078,3,0,10,2,1738636411,False,IN_SERVICE,1,1,1,,3,0
70,7079,3,0,16,0,1738636329,False,IN_SERVICE,1,1,1,,3,0
71,7083,1,1,13,0,1738636370,False,IN_SERVICE,1,1,1,,1,0
72,7084,2,0,9,0,1738636362,False,IN_SERVICE,1,1,1,,2,0
73,7085,0,0,15,0,1738636465,False,IN_SERVICE,1,1,1,,0,0
74,7086,12,1,10,0,1738636396,False,IN_SERVICE,1,1,1,,12,0
75,7087,6,0,5,0,1738636437,False,IN_SERVICE,1,1,1,,6,0
76,7088,2,0,13,0,1738636358,False,IN_SERVICE,1,1,1,,2,0
77,7089,6,0,21,0,1738636502,False,IN_SERVICE,1,1,1,,6,0
78,7090,8,0,11,0,1738636412,False,IN_SERVICE,1,1,1,,8,0
79,7091,1,0,14,0,1738636426,False,IN_SERVICE,1,1,1,,1,0
80,7093,12,0,11,1,1738636499,False,IN_SERVICE,1,1,1,,12,0
81,7094,15,1,9,0,1738636430,True,IN_SERVICE,1,1,1,,15,0
82,7095,4,3,7,0,1738636481,False,IN_SERVICE,1,1,1,,3,1
83,7096,3,0,14,2,1738636493,False,IN_SERVICE,1,1,1,,3,0
84,7097,6,0,8,0,1738636477,False,IN_SERVICE,1,1,1,,6,0
85,7098,10,1,4,0,1738636353,False,IN_SERVICE,1,1,1,,10,0
86,7099,6,2,2,0,1738636489,False,IN_SERVICE,1,1,1,,6,0
87,7100,9,0,17,0,1738636389,False,IN_SERVICE,1,1,1,,9,0
88,7101,12,0,14,1,1738636422,False,IN_SERVICE,1,1,1,,12,0
89,7102,8,0,22,0,1738636415,False,IN_SERVICE,1,1,1,,8,0
90,7103,9,0,6,0,1738636388,False,IN_SERVICE,1,1,1,,9,0
91,7104,8,2,5,0,1738636450,False,IN_SERVICE,1,1,1,,8,0
92,7105,3,0,11,1,1738636508,False,IN_SERVICE,1,1,1,,3,0
93,7106,22,0,5,0,1738636333,False,IN_SERVICE,1,1,1,,22,0
94,7107,11,0,3,0,1738636394,False,IN_SERVICE,1,1,1,,11,0
95,7108,10,1,4,0,1738636346,False,IN_SERVICE,1,1,1,,10,0
96,7109,15,0,17,0,1738636334,False,IN_SERVICE,1,1,1,,15,0
97,7110,9,1,5,0,1738636354,False,IN_SERVICE,1,1,1,,9,0
98,7111,0,1,10,0,1738636478,False,IN_SERVICE,1,1,1,,0,0
99,7112,4,1,13,1,1738636462,False,IN_SERVICE,1,1,1,,4,0
100,7113,5,0,10,0,1738636437,False,IN_SERVICE,1,1,1,,5,0
101,7114,24,0,1,0,1738636352,False,IN_SERVICE,1,1,1,,24,0
102,7115,6,0,25,0,1738636426,False,IN_SERVICE,1,1,1,,6,0
103,7116,3,0,16,0,1738636366,False,IN_SERVICE,1,1,1,,3,0
104,7117,10,1,7,0,1738636436,False,IN_SERVICE,1,1,1,,9,1
105,7118,8,0,10,0,1738636438,False,IN_SERVICE,1,1,1,,8,0
106,7119,4,0,10,1,1738636419,False,IN_SERVICE,1,1,1,,4,0
107,7120,5,1,3,0,1738636363,False,IN_SERVICE,1,1,1,,5,0
108,7121,22,0,5,0,1738636352,False,IN_SERVICE,1,1,1,,22,0
109,7122,1,0,14,0,1738636506,False,IN_SERVICE,1,1,1,,1,0
110,7123,7,2,5,0,1738636406,False,IN_SERVICE,1,1,1,,7,0
111,7124,3,1,15,0,1738636348,False,IN_SERVICE,1,1,1,,3,0
112,7126,2,0,14,0,1738636344,False,IN_SERVICE,1,1,1,,2,0
113,7127,0,0,15,0,1738636504,False,IN_SERVICE,1,1,1,,0,0
114,7128,0,0,23,0,1738636485,False,IN_SERVICE,1,1,1,,0,0
115,7129,1,0,9,1,1738636395,False,IN_SERVICE,1,1,1,,1,0
116,7130,1,0,13,0,1738636498,False,IN_SERVICE,1,1,1,,1,0
117,7131,0,0,15,0,1738636422,False,IN_SERVICE,1,1,1,,0,0
118,7132,1,0,7,1,1738636399,False,IN_SERVICE,1,1,1,,0,1
119,7133,0,0,11,0,1738636336,False,IN_SERVICE,1,1,1,,0,0
120,7135,6,1,24,0,1738636418,False,IN_SERVICE,1,1,1,,6,0
121,7137,1,0,14,0,1738636339,False,IN_SERVICE,1,1,1,,1,0
122,7138,5,1,21,0,1738636368,False,IN_SERVICE,1,1,1,,5,0
123,7139,0,0,14,1,1738636476,False,IN_SERVICE,1,1,1,,0,0
124,7140,0,0,15,0,1738636437,False,IN_SERVICE,1,1,1,,0,0
125,7141,0,0,15,0,1738636470,False,IN_SERVICE,1,1,1,,0,0
126,7142,0,1,14,0,1738636367,False,IN_SERVICE,1,1,1,,0,0
127,7143,1,0,14,0,1738636373,False,IN_SERVICE,1,1,1,,1,0
128,7144,5,0,10,0,1738636489,False,IN_SERVICE,1,1,1,,5,0
129,7146,10,2,7,0,1738636479,False,IN_SERVICE,1,1,1,,10,0
130,7147,11,0,4,0,1738636449,False,IN_SERVICE,1,1,1,,11,0
131,7148,9,1,13,0,1738636372,False,IN_SERVICE,1,1,1,,9,0
132,7149,4,3,4,0,1738636384,False,IN_SERVICE,1,1,1,,3,1
133,7150,6,0,13,0,1738636330,False,IN_SERVICE,1,1,1,,6,0
134,7151,3,0,16,0,1738636453,False,IN_SERVICE,1,1,1,,2,1
135,7152,1,1,9,0,1738636402,False,IN_SERVICE,1,1,1,,1,0
136,7153,1,2,13,1,1738636399,False,IN_SERVICE,1,1,1,,1,0
137,7154,2,0,21,0,1738636496,False,IN_SERVICE,1,1,1,,2,0
138,7155,0,0,19,0,1738636355,False,IN_SERVICE,1,1,1,,0,0
139,7156,2,4,9,0,1738636388,False,IN_SERVICE,1,1,1,,2,0
140,7157,1,1,20,1,1738636329,False,IN_SERVICE,1,1,1,,1,0
141,7158,1,0,13,1,1738636343,False,IN_SERVICE,1,1,1,,1,0
142,7160,8,0,10,0,1738636339,False,IN_SERVICE,1,1,1,,8,0
143,7161,13,0,10,0,1738636354,False,IN_SERVICE,1,1,1,,13,0
144,7162,13,1,9,0,1738636436,False,IN_SERVICE,1,1,1,,13,0
145,7163,10,0,5,0,1738636339,False,IN_SERVICE,1,1,1,,10,0
146,7164,16,1,6,0,1738636446,False,IN_SERVICE,1,1,1,,16,0
147,7168,38,0,7,0,1738636440,False,IN_SERVICE,1,1,1,,38,0
148,7169,3,0,8,0,1738636479,False,IN_SERVICE,1,1,1,,3,0
149,7170,8,0,7,0,1738636509,False,IN_SERVICE,1,1,1,,8,0
150,7171,9,1,15,0,1738636491,False,IN_SERVICE,1,1,1,,9,0
151,7172,12,1,6,0,1738636366,False,IN_SERVICE,1,1,1,,12,0
152,7173,3,1,15,0,1738636342,False,IN_SERVICE,1,1,1,,3,0
153,7174,8,0,7,0,1738636339,False,IN_SERVICE,1,1,1,,8,0
154,7175,13,2,12,0,1738636485,False,IN_SERVICE,1,1,1,,13,0
155,7176,4,2,12,1,1738636505,False,IN_SERVICE,1,1,1,,4,0
156,7178,6,1,7,0,1738636395,False,IN_SERVICE,1,1,1,,6,0
157,7180,10,0,12,0,1738636494,False,IN_SERVICE,1,1,1,,10,0
158,7181,3,0,11,1,1738636484,False,IN_SERVICE,1,1,1,,3,0
159,7182,5,0,14,0,1738636449,False,IN_SERVICE,1,1,1,,5,0
160,7183,5,0,10,0,1738636407,False,IN_SERVICE,1,1,1,,4,1
161,7184,2,2,7,0,1738636446,False,IN_SERVICE,1,1,1,,2,0
162,7188,1,1,13,0,1738636374,False,IN_SERVICE,1,1,1,,1,0
163,7189,3,0,10,1,1738636379,False,IN_SERVICE,1,1,1,,3,0
164,7190,0,0,11,0,1738636478,False,IN_SERVICE,1,1,1,,0,0
165,7191,2,0,9,0,1738636422,False,IN_SERVICE,1,1,1,,2,0
166,7192,0,1,14,0,1738636365,False,IN_SERVICE,1,1,1,,0,0
167,7193,4,0,11,0,1738636459,False,IN_SERVICE,1,1,1,,4,0
168,7194,6,1,16,0,1738636357,False,IN_SERVICE,1,1,1,,6,0
169,7195,2,1,8,0,1738636355,False,IN_SERVICE,1,1,1,,2,0
170,7196,1,0,9,0,1738636347,False,IN_SERVICE,1,1,1,,1,0
171,7197,10,1,0,0,1738636435,False,IN_SERVICE,1,1,1,,10,0
172,7198,8,1,8,0,1738636371,False,IN_SERVICE,1,1,1,,8,0
173,7199,5,0,12,1,1738636448,False,IN_SERVICE,1,1,1,,4,1
174,7202,12,0,11,0,1738636386,False,IN_SERVICE,1,1,1,,12,0
175,7203,20,1,13,0,1738636455,False,IN_SERVICE,1,1,1,,20,0
176,7204,12,0,7,0,1738636434,False,IN_SERVICE,1,1,1,,12,0
177,7205,7,0,8,0,1738636503,False,IN_SERVICE,1,1,1,,7,0
178,7206,11,1,0,0,1738636333,False,IN_SERVICE,1,1,1,,10,1
179,7207,3,1,43,0,1738636454,False,IN_SERVICE,1,1,1,,3,0
180,7208,3,0,12,0,1738636458,False,IN_SERVICE,1,1,1,,3,0
181,7209,7,1,11,0,1738636330,False,IN_SERVICE,1,1,1,,7,0
182,7210,5,0,10,0,1738636394,False,IN_SERVICE,1,1,1,,5,0
183,7211,4,1,10,0,1738636407,False,IN_SERVICE,1,1,1,,4,0
184,7216,12,0,9,1,1738636332,False,IN_SERVICE,1,1,1,,12,0
185,7217,10,0,5,0,1738636334,False,IN_SERVICE,1,1,1,,10,0
186,7220,6,1,12,0,1738636418,False,IN_SERVICE,1,1,1,,6,0
187,7221,2,0,9,0,1738636463,False,IN_SERVICE,1,1,1,,2,0
188,7222,13,0,14,0,1738636487,False,IN_SERVICE,1,1,1,,13,0
189,7223,6,0,6,0,1738636387,False,IN_SERVICE,1,1,1,,6,0
190,7224,8,0,15,0,1738636396,False,IN_SERVICE,1,1,1,,8,0
191,7225,2,2,14,0,1738636406,False,IN_SERVICE,1,1,1,,2,0
192,7226,4,0,15,0,1738636373,False,IN_SERVICE,1,1,1,,4,0
193,7227,13,0,18,0,1738636471,False,IN_SERVICE,1,1,1,,13,0
194,7228,6,0,13,0,1738636427,False,IN_SERVICE,1,1,1,,6,0
195,7229,6,1,5,0,1738636467,False,IN_SERVICE,1,1,1,,6,0
196,7230,6,1,11,0,1738636368,False,IN_SERVICE,1,1,1,,6,0
197,7231,6,1,11,0,1738636419,False,IN_SERVICE,1,1,1,,6,0
198,7232,6,0,10,0,1738636378,False,IN_SERVICE,1,1,1,,4,2
199,7233,0,0,16,0,1738636395,False,IN_SERVICE,1,1,1,,0,0
200,7234,8,1,10,0,1738636363,False,IN_SERVICE,1,1,1,,8,0
201,7235,0,0,16,0,1738636350,False,IN_SERVICE,1,1,1,,0,0
202,7236,14,1,8,1,1738636334,False,IN_SERVICE,1,1,1,,14,0
203,7237,1,0,14,0,1738636332,False,IN_SERVICE,1,1,1,,1,0
204,7238,3,0,13,0,1738636498,False,IN_SERVICE,1,1,1,,3,0
205,7239,2,1,39,0,1738636390,False,IN_SERVICE,1,1,1,,2,0
206,7240,1,1,32,0,1738636353,False,IN_SERVICE,1,1,1,,1,0
207,7241,3,0,9,0,1738636484,False,IN_SERVICE,1,1,1,,3,0
208,7242,14,1,19,1,1738636373,False,IN_SERVICE,1,1,1,,14,0
209,7243,9,0,4,0,1738636474,False,IN_SERVICE,1,1,1,,9,0
210,7244,5,0,11,0,1738636405,False,IN_SERVICE,1,1,1,,5,0
211,7245,2,0,7,0,1738636414,False,IN_SERVICE,1,1,1,,2,0
212,7246,3,0,16,0,1738636337,False,IN_SERVICE,1,1,1,,3,0
213,7247,0,1,11,0,1738636427,False,IN_SERVICE,1,1,1,,0,0
214,7248,11,0,8,0,1738636382,False,IN_SERVICE,1,1,1,,11,0
215,7250,1,0,15,0,1738636481,False,IN_SERVICE,1,1,1,,1,0
216,7252,3,0,14,1,1738636495,False,IN_SERVICE,1,1,1,,3,0
217,7253,11,1,0,0,1738636379,False,IN_SERVICE,1,1,1,,11,0
218,7256,2,0,9,1,1738636489,False,IN_SERVICE,1,1,1,,2,0
219,7257,1,0,18,0,1738636464,False,IN_SERVICE,1,1,1,,1,0
220,7258,12,2,1,0,1738636448,False,IN_SERVICE,1,1,1,,12,0
221,7259,4,0,15,0,1738636436,False,IN_SERVICE,1,1,1,,4,0
222,7260,7,1,7,0,1738636444,False,IN_SERVICE,1,1,1,,7,0
223,7261,21,0,6,0,1738636460,False,IN_SERVICE,1,1,1,,21,0
224,7262,2,1,13,0,1738636481,False,IN_SERVICE,1,1,1,,2,0
225,7264,1,1,16,1,1738636415,False,IN_SERVICE,1,1,1,,1,0
226,7265,2,2,7,1,1738636418,False,IN_SERVICE,1,1,1,,2,0
227,7266,2,0,18,0,1738636452,False,IN_SERVICE,1,1,1,,2,0
228,7267,1,0,14,0,1738636411,False,IN_SERVICE,1,1,1,,1,0
229,7268,9,0,7,0,1738636471,False,IN_SERVICE,1,1,1,,9,0
230,7269,10,0,10,0,1738636333,False,IN_SERVICE,1,1,1,,10,0
231,7270,3,1,16,0,1738636477,False,IN_SERVICE,1,1,1,,3,0
232,7271,1,0,16,1,1738636492,False,IN_SERVICE,1,1,1,,1,0
233,7272,3,0,9,0,1738636506,False,IN_SERVICE,1,1,1,,3,0
234,7273,0,1,18,0,1738636408,False,IN_SERVICE,1,1,1,,0,0
235,7274,2,2,12,0,1738636395,False,IN_SERVICE,1,1,1,,2,0
236,7276,0,0,11,0,1738636411,False,IN_SERVICE,1,1,1,,0,0
237,7277,12,1,7,0,1738636338,False,IN_SERVICE,1,1,1,,12,0
238,7278,10,0,6,0,1738636329,False,IN_SERVICE,1,1,1,,10,0
239,7279,10,0,6,0,1738636475,False,IN_SERVICE,1,1,1,,10,0
240,7280,14,0,5,1,1738636348,False,IN_SERVICE,1,1,1,,14,0
241,7281,1,0,23,0,1738636472,False,IN_SERVICE,1,1,1,,1,0
242,7282,11,0,12,0,1738636346,False,IN_SERVICE,1,1,1,,11,0
243,7283,8,1,10,0,1738636350,False,IN_SERVICE,1,1,1,,8,0
244,7284,0,0,24,0,1738636340,False,IN_SERVICE,1,1,1,,0,0
245,7285,15,0,21,0,1738636504,False,IN_SERVICE,1,1,1,,14,1
246,7286,12,1,5,0,1738636401,False,IN_SERVICE,1,1,1,,12,0
247,7287,15,0,0,0,1738636457,False,IN_SERVICE,1,1,1,,15,0
248,7288,13,2,15,0,1738636404,False,IN_SERVICE,1,1,1,,13,0
249,7289,8,1,14,0,1738636486,False,IN_SERVICE,1,1,1,,8,0
250,7291,9,0,6,0,1738636413,False,IN_SERVICE,1,1,1,,9,0
251,7292,5,0,19,0,1738636368,False,IN_SERVICE,1,1,1,,5,0
252,7296,5,0,14,0,1738636496,False,IN_SERVICE,1,1,1,,4,1
253,7297,1,0,18,0,1738636442,False,IN_SERVICE,1,1,1,,0,1
254,7298,4,1,20,0,1738636395,False,IN_SERVICE,1,1,1,,4,0
255,7299,8,1,6,0,1738636509,False,IN_SERVICE,1,1,1,,8,0
256,7301,6,0,9,0,1738636441,False,IN_SERVICE,1,1,1,,6,0
257,7302,2,1,8,0,1738636450,False,IN_SERVICE,1,1,1,,2,0
258,7303,13,0,6,0,1738636407,False,IN_SERVICE,1,1,1,,13,0
259,7309,9,0,14,0,1738636349,False,IN_SERVICE,1,1,1,,9,0
260,7311,5,1,13,0,1738636370,False,IN_SERVICE,1,1,1,,4,1
261,7312,3,0,8,0,1738636422,False,IN_SERVICE,1,1,1,,3,0
262,7313,12,0,3,0,1738636472,False,IN_SERVICE,1,1,1,,12,0
263,7314,9,0,6,0,1738636475,False,IN_SERVICE,1,1,1,,9,0
264,7315,10,0,1,0,1738636483,False,IN_SERVICE,1,1,1,,10,0
265,7316,2,0,13,0,1738636392,False,IN_SERVICE,1,1,1,,2,0
266,7317,14,0,5,0,1738636359,False,IN_SERVICE,1,1,1,,14,0
267,7318,14,0,1,0,1738636370,False,IN_SERVICE,1,1,1,,14,0
268,7319,10,0,1,0,1738636434,False,IN_SERVICE,1,1,1,,10,0
269,7320,18,0,1,0,1738636379,False,IN_SERVICE,1,1,1,,18,0
270,7321,17,0,2,0,1738636485,False,IN_SERVICE,1,1,1,,17,0
271,7322,15,0,4,0,1738636482,False,IN_SERVICE,1,1,1,,15,0
272,7323,12,1,6,0,1738636414,False,IN_SERVICE,1,1,1,,12,0
273,7324,7,1,14,0,1738636333,False,IN_SERVICE,1,1,1,,7,0
274,7326,11,0,8,0,1738636443,False,IN_SERVICE,1,1,1,,11,0
275,7327,6,0,9,1,1738636508,False,IN_SERVICE,1,1,1,,6,0
276,7329,11,0,8,0,1738636426,False,IN_SERVICE,1,1,1,,11,0
277,7331,1,0,18,0,1738636492,False,IN_SERVICE,1,1,1,,1,0
278,7332,11,0,12,0,1738636470,False,IN_SERVICE,1,1,1,,5,6
279,7333,8,0,10,1,1738636445,False,IN_SERVICE,1,1,1,,8,0
280,7334,12,0,3,0,1738636411,False,IN_SERVICE,1,1,1,,12,0
281,7335,2,0,17,0,1738636348,False,IN_SERVICE,1,1,1,,2,0
282,7336,16,1,2,0,1738636442,False,IN_SERVICE,1,1,1,,16,0
283,7337,15,1,7,0,1738636415,False,IN_SERVICE,1,1,1,,15,0
284,7338,12,0,7,0,1738636391,False,IN_SERVICE,1,1,1,,12,0
285,7339,8,0,7,0,1738636402,False,IN_SERVICE,1,1,1,,8,0
286,7340,4,0,11,0,1738636377,False,IN_SERVICE,1,1,1,,4,0
287,7341,9,0,6,0,1738636472,False,IN_SERVICE,1,1,1,,9,0
288,7342,8,0,3,0,1738636431,False,IN_SERVICE,1,1,1,,8,0
289,7343,7,1,14,1,1738636427,False,IN_SERVICE,1,1,1,,7,0
290,7344,14,1,33,0,1738636399,False,IN_SERVICE,1,1,1,,14,0
291,7345,16,0,15,0,1738636422,False,IN_SERVICE,1,1,1,,16,0
292,7346,14,0,9,0,1738636437,False,IN_SERVICE,1,1,1,,13,1
293,7347,0,1,14,0,1738636423,False,IN_SERVICE,1,1,1,,0,0
294,7348,9,0,10,0,1738636373,False,IN_SERVICE,1,1,1,,8,1
295,7349,1,1,20,1,1738636384,False,IN_SERVICE,1,1,1,,1,0
296,7350,14,1,8,0,1738636394,False,IN_SERVICE,1,1,1,,14,0
297,7351,6,0,13,0,1738636447,False,IN_SERVICE,1,1,1,,6,0
298,7352,6,0,12,0,1738636414,False,IN_SERVICE,1,1,1,,6,0
299,7353,2,0,17,0,1738636447,False,IN_SERVICE,1,1,1,,2,0
300,7354,8,2,21,0,1738636392,False,IN_SERVICE,1,1,1,,8,0
301,7355,7,0,8,0,1738636451,False,IN_SERVICE,1,1,1,,7,0
302,7356,24,0,7,0,1738636397,False,IN_SERVICE,1,1,1,,24,0
303,7357,15,1,1,0,1738636477,False,IN_SERVICE,1,1,1,,15,0
304,7358,1,0,16,0,1738636390,False,IN_SERVICE,1,1,1,,1,0
305,7359,15,0,6,2,1738636413,False,IN_SERVICE,1,1,1,,15,0
306,7360,8,0,9,0,1738636411,False,IN_SERVICE,1,1,1,,8,0
307,7361,5,0,14,0,1738636332,False,IN_SERVICE,1,1,1,,5,0
308,7362,5,0,13,0,1738636478,False,IN_SERVICE,1,1,1,,5,0
309,7363,11,0,4,0,1738636440,False,IN_SERVICE,1,1,1,,10,1
310,7364,16,0,3,0,1738636443,False,IN_SERVICE,1,1,1,,16,0
311,7365,20,1,2,0,1738636433,False,IN_SERVICE,1,1,1,,20,0
312,7366,2,0,18,0,1738636394,False,IN_SERVICE,1,1,1,,2,0
313,7367,7,1,7,0,1738636419,False,IN_SERVICE,1,1,1,,7,0
314,7368,5,1,0,0,1738636395,False,IN_SERVICE,1,1,1,,5,0
315,7371,1,0,19,0,1738636448,False,IN_SERVICE,1,1,1,,1,0
316,7373,9,0,5,1,1738636393,False,IN_SERVICE,1,1,1,,9,0
317,7374,6,0,13,0,1738636346,False,IN_SERVICE,1,1,1,,6,0
318,7375,11,0,0,0,1738636357,False,IN_SERVICE,1,1,1,,11,0
319,7376,0,0,17,2,1738636474,False,IN_SERVICE,1,1,1,,0,0
320,7377,11,0,24,0,1738636501,False,IN_SERVICE,1,1,1,,11,0
321,7378,3,0,12,0,1738636488,False,IN_SERVICE,1,1,1,,3,0
322,7379,0,1,12,2,1738636476,False,IN_SERVICE,1,1,1,,0,0
323,7380,0,0,16,0,1738636485,False,IN_SERVICE,1,1,1,,0,0
324,7381,1,0,34,0,1738636408,False,IN_SERVICE,1,1,1,,1,0
325,7383,10,0,4,0,1738636452,False,IN_SERVICE,1,1,1,,10,0
326,7384,0,0,9,0,1738636458,False,IN_SERVICE,1,1,1,,0,0
327,7385,1,0,32,0,1738636454,True,IN_SERVICE,1,1,1,,1,0
328,7386,3,0,13,0,1738636387,False,IN_SERVICE,1,1,1,,3,0
329,7387,1,1,10,0,1738636355,False,IN_SERVICE,1,1,1,,1,0
330,7388,2,0,12,1,1738636394,False,IN_SERVICE,1,1,1,,2,0
331,7389,20,0,5,0,1738636503,False,IN_SERVICE,1,1,1,,20,0
332,7391,22,1,6,0,1738636375,False,IN_SERVICE,1,1,1,,22,0
333,7395,1,0,22,0,1738636348,False,IN_SERVICE,1,1,1,,1,0
334,7398,18,0,1,0,1738636400,False,IN_SERVICE,1,1,1,,18,0
335,7399,16,2,0,0,1738636352,False,IN_SERVICE,1,1,1,,16,0
336,7400,10,0,13,0,1738636489,False,IN_SERVICE,1,1,1,,10,0
337,7403,0,0,19,0,1738636344,False,IN_SERVICE,1,1,1,,0,0
338,7404,0,0,18,1,1738636482,False,IN_SERVICE,1,1,1,,0,0
339,7407,16,0,2,0,1738636487,False,IN_SERVICE,1,1,1,,16,0
340,7409,8,0,19,0,1738636403,False,IN_SERVICE,1,1,1,,6,2
341,7410,2,0,17,0,1738636438,False,IN_SERVICE,1,1,1,,2,0
342,7411,5,1,15,1,1738636435,False,IN_SERVICE,1,1,1,,5,0
343,7412,5,1,17,0,1738636494,False,IN_SERVICE,1,1,1,,5,0
344,7414,2,0,13,0,1738636405,False,IN_SERVICE,1,1,1,,2,0
345,7415,6,1,16,0,1738636471,False,IN_SERVICE,1,1,1,,6,0
346,7416,4,0,26,0,1738636420,False,IN_SERVICE,1,1,1,,4,0
347,7417,1,1,9,0,1738636507,False,IN_SERVICE,1,1,1,,1,0
348,7418,4,2,19,0,1738636389,False,IN_SERVICE,1,1,1,,4,0
349,7419,3,0,24,0,1738636480,False,IN_SERVICE,1,1,1,,3,0
350,7420,2,0,24,1,1738636460,False,IN_SERVICE,1,1,1,,2,0
351,7422,2,0,14,0,1738636490,False,IN_SERVICE,1,1,1,,2,0
352,7424,1,0,22,0,1738636359,False,IN_SERVICE,1,1,1,,1,0
353,7425,13,3,5,1,1738636402,False,IN_SERVICE,1,1,1,,12,1
354,7427,16,0,10,0,1738636438,False,IN_SERVICE,1,1,1,,16,0
355,7428,17,0,10,0,1738636459,False,IN_SERVICE,1,1,1,,17,0
356,7429,6,0,9,0,1738636481,False,IN_SERVICE,1,1,1,,6,0
357,7430,10,1,16,0,1738636339,False,IN_SERVICE,1,1,1,,10,0
358,7431,20,1,2,0,1738636460,False,IN_SERVICE,1,1,1,,20,0
359,7432,31,0,16,0,1738636437,False,IN_SERVICE,1,1,1,,31,0
360,7433,11,0,4,0,1738636359,False,IN_SERVICE,1,1,1,,11,0
361,7434,8,1,29,0,1738636509,True,IN_SERVICE,1,1,1,,7,1
362,7435,1,1,9,0,1738636467,False,IN_SERVICE,1,1,1,,1,0
363,7437,11,0,4,0,1738636394,False,IN_SERVICE,1,1,1,,10,1
364,7438,4,0,15,0,1738636330,False,IN_SERVICE,1,1,1,,4,0
365,7441,6,2,13,0,1738636484,False,IN_SERVICE,1,1,1,,6,0
366,7442,2,0,13,0,1738636443,False,IN_SERVICE,1,1,1,,2,0
367,7443,17,1,7,0,1738636347,False,IN_SERVICE,1,1,1,,17,0
368,7444,3,0,17,0,1738636390,False,IN_SERVICE,1,1,1,,3,0
369,7445,11,1,7,0,1738636347,False,IN_SERVICE,1,1,1,,11,0
370,7446,16,0,3,0,1738636436,False,IN_SERVICE,1,1,1,,16,0
371,7447,3,0,20,0,1738636420,False,IN_SERVICE,1,1,1,,3,0
372,7448,8,0,11,0,1738636444,False,IN_SERVICE,1,1,1,,8,0
373,7449,13,0,2,0,1738636493,False,IN_SERVICE,1,1,1,,13,0
374,7451,3,1,27,0,1738636383,False,IN_SERVICE,1,1,1,,3,0
375,7452,5,0,18,0,1738636350,False,IN_SERVICE,1,1,1,,5,0
376,7453,5,0,12,0,1738636357,False,IN_SERVICE,1,1,1,,4,1
377,7454,11,0,3,1,1738636499,False,IN_SERVICE,1,1,1,,11,0
378,7455,1,0,26,0,1738636504,False,IN_SERVICE,1,1,1,,1,0
379,7457,1,0,20,1,1738636397,False,IN_SERVICE,1,1,1,,1,0
380,7458,13,0,4,0,1738636345,False,IN_SERVICE,1,1,1,,13,0
381,7459,1,1,9,0,1738636476,False,IN_SERVICE,1,1,1,,1,0
382,7460,6,0,21,0,1738636360,False,IN_SERVICE,1,1,1,,6,0
383,7461,4,2,16,0,1738636421,False,IN_SERVICE,1,1,1,,3,1
384,7462,2,0,14,0,1738636366,False,IN_SERVICE,1,1,1,,2,0
385,7465,9,1,8,0,1738636475,False,IN_SERVICE,1,1,1,,8,1
386,7466,7,1,11,0,1738636462,False,IN_SERVICE,1,1,1,,7,0
387,7467,6,0,9,0,1738636449,False,IN_SERVICE,1,1,1,,6,0
388,7468,21,0,6,0,1738636443,False,IN_SERVICE,1,1,1,,21,0
389,7469,2,1,20,0,1738636384,False,IN_SERVICE,1,1,1,,2,0
390,7471,3,0,12,0,1738636396,True,IN_SERVICE,1,1,1,,3,0
391,7473,2,1,12,0,1738636355,False,IN_SERVICE,1,1,1,,2,0
392,7474,12,1,9,0,1738636388,False,IN_SERVICE,1,1,1,,12,0
393,7475,3,0,16,0,1738636416,False,IN_SERVICE,1,1,1,,3,0
394,7476,5,1,9,0,1738636424,False,IN_SERVICE,1,1,1,,2,3
395,7477,8,0,11,0,1738636494,False,IN_SERVICE,1,1,1,,7,1
396,7478,3,0,15,0,1738636457,False,IN_SERVICE,1,1,1,,3,0
397,7479,5,1,9,0,1738636331,False,IN_SERVICE,1,1,1,,5,0
398,7480,1,1,11,0,1738636414,False,IN_SERVICE,1,1,1,,0,1
399,7483,2,0,10,0,1738636471,False,IN_SERVICE,1,1,1,,2,0
400,7484,0,0,16,0,1738636356,False,IN_SERVICE,1,1,1,,0,0
401,7485,2,0,11,0,1738636401,False,IN_SERVICE,1,1,1,,2,0
402,7486,5,0,17,0,1738636333,False,IN_SERVICE,1,1,1,,5,0
403,7487,12,0,2,0,1738636416,False,IN_SERVICE,1,1,1,,12,0
404,7488,0,0,11,0,1738636331,False,IN_SERVICE,1,1,1,,0,0
405,7489,11,0,8,0,1738636464,False,IN_SERVICE,1,1,1,,11,0
406,7492,9,0,6,0,1738636400,False,IN_SERVICE,1,1,1,,9,0
407,7493,7,0,5,0,1738636386,False,IN_SERVICE,1,1,1,,7,0
408,7494,3,0,9,0,1738636491,False,IN_SERVICE,1,1,1,,3,0
409,7496,10,0,9,0,1738636341,False,IN_SERVICE,1,1,1,,10,0
410,7497,3,0,17,0,1738636421,False,IN_SERVICE,1,1,1,,3,0
411,7501,0,0,20,0,1738636445,False,IN_SERVICE,1,1,1,,0,0
412,7502,4,1,14,0,1738636441,False,IN_SERVICE,1,1,1,,3,1
413,7503,0,0,20,0,1738636352,False,IN_SERVICE,1,1,1,,0,0
414,7504,1,0,15,0,1738636462,False,IN_SERVICE,1,1,1,,1,0
415,7505,12,1,6,0,1738636385,False,IN_SERVICE,1,1,1,,12,0
416,7506,6,0,6,0,1738636482,False,IN_SERVICE,1,1,1,,6,0
417,7508,8,1,11,0,1738636443,False,IN_SERVICE,1,1,1,,8,0
418,7514,22,1,40,0,1738636505,False,IN_SERVICE,1,1,1,,22,0
419,7515,15,0,12,0,1738636422,False,IN_SERVICE,1,1,1,,15,0
420,7516,17,0,0,0,1738636422,False,IN_SERVICE,1,1,1,,17,0
421,7517,1,1,20,1,1738636495,False,IN_SERVICE,1,1,1,,1,0
422,7518,4,0,23,0,1738636478,False,IN_SERVICE,1,1,1,,4,0
423,7519,1,0,18,0,1738636431,False,IN_SERVICE,1,1,1,,1,0
424,7520,5,0,10,0,1738636428,False,IN_SERVICE,1,1,1,,5,0
425,7521,2,0,21,0,1738636356,False,IN_SERVICE,1,1,1,,2,0
426,7522,4,1,12,0,1738636462,False,IN_SERVICE,1,1,1,,3,1
427,7523,4,1,10,0,1738636482,False,IN_SERVICE,1,1,1,,4,0
428,7524,16,0,18,1,1738636392,False,IN_SERVICE,1,1,1,,14,2
429,7526,7,1,15,0,1738636446,False,IN_SERVICE,1,1,1,,7,0
430,7527,7,1,11,0,1738636369,False,IN_SERVICE,1,1,1,,7,0
431,7528,0,0,16,1,1738636476,False,IN_SERVICE,1,1,1,,0,0
432,7529,7,1,7,0,1738636468,False,IN_SERVICE,1,1,1,,6,1
433,7530,3,1,19,0,1738636409,False,IN_SERVICE,1,1,1,,1,2
434,7531,1,0,18,0,1738636368,False,IN_SERVICE,1,1,1,,1,0
435,7533,10,1,16,0,1738636332,False,IN_SERVICE,1,1,1,,10,0
436,7534,0,1,14,0,1738636432,False,IN_SERVICE,1,1,1,,0,0
437,7536,2,0,20,1,1738636455,False,IN_SERVICE,1,1,1,,2,0
438,7537,0,0,16,0,1738636409,False,IN_SERVICE,1,1,1,,0,0
439,7538,1,0,18,0,1738636499,False,IN_SERVICE,1,1,1,,0,1
440,7539,0,0,19,0,1738636395,False,IN_SERVICE,1,1,1,,0,0
441,7540,0,0,19,0,1738636346,False,IN_SERVICE,1,1,1,,0,0
442,7541,6,2,12,0,1738636429,False,IN_SERVICE,1,1,1,,6,0
443,7542,5,0,18,0,1738636482,False,IN_SERVICE,1,1,1,,5,0
444,7543,4,2,9,0,1738636464,False,IN_SERVICE,1,1,1,,4,0
445,7545,0,2,13,0,1738636362,False,IN_SERVICE,1,1,1,,0,0
446,7546,17,1,0,0,1738636497,False,IN_SERVICE,1,1,1,,17,0
447,7547,11,0,4,0,1738636406,False,IN_SERVICE,1,1,1,,11,0
448,7548,2,0,18,0,1738636368,False,IN_SERVICE,1,1,1,,2,0
449,7549,17,0,30,0,1738636420,False,IN_SERVICE,1,1,1,,17,0
450,7552,10,0,9,0,1738636385,False,IN_SERVICE,1,1,1,,10,0
451,7553,17,2,0,0,1738636402,False,IN_SERVICE,1,1,1,,17,0
452,7554,20,0,7,0,1738636380,False,IN_SERVICE,1,1,1,,20,0
453,7555,5,1,14,0,1738636369,False,IN_SERVICE,1,1,1,,5,0
454,7556,1,0,30,0,1738636494,False,IN_SERVICE,1,1,1,,1,0
455,7557,19,0,3,0,1738636397,False,IN_SERVICE,1,1,1,,19,0
456,7558,0,1,18,0,1738636403,False,IN_SERVICE,1,1,1,,0,0
457,7559,3,2,10,0,1738636420,False,IN_SERVICE,1,1,1,,3,0
458,7561,7,1,6,1,1738636507,False,IN_SERVICE,1,1,1,,7,0
459,7562,3,0,20,0,1738636349,False,IN_SERVICE,1,1,1,,3,0
460,7563,9,1,9,0,1738636383,False,IN_SERVICE,1,1,1,,9,0
461,7564,1,0,22,0,1738636505,False,IN_SERVICE,1,1,1,,1,0
462,7565,1,1,20,1,1738636360,False,IN_SERVICE,1,1,1,,1,0
463,7566,5,0,14,0,1738636374,False,IN_SERVICE,1,1,1,,5,0
464,7567,1,0,26,0,1738636437,False,IN_SERVICE,1,1,1,,1,0
465,7568,8,0,18,0,1738636329,False,IN_SERVICE,1,1,1,,8,0
466,7569,15,2,28,0,1738636466,False,IN_SERVICE,1,1,1,,15,0
467,7570,11,5,1,0,1738636400,False,IN_SERVICE,1,1,1,,11,0
468,7571,13,2,4,0,1738636405,False,IN_SERVICE,1,1,1,,13,0
469,7572,0,0,15,0,1738636339,False,IN_SERVICE,1,1,1,,0,0
470,7575,3,0,12,0,1738636456,False,IN_SERVICE,1,1,1,,3,0
471,7576,8,0,14,0,1738636394,False,IN_SERVICE,1,1,1,,8,0
472,7577,11,0,16,0,1738636474,False,IN_SERVICE,1,1,1,,11,0
473,7579,0,0,19,0,1738636385,False,IN_SERVICE,1,1,1,,0,0
474,7580,0,1,14,0,1738636479,False,IN_SERVICE,1,1,1,,0,0
475,7581,6,1,7,0,1738636460,False,IN_SERVICE,1,1,1,,6,0
476,7582,0,0,16,0,1738636341,False,IN_SERVICE,1,1,1,,0,0
477,7583,5,1,16,0,1738636455,False,IN_SERVICE,1,1,1,,5,0
478,7584,1,1,25,0,1738636508,False,IN_SERVICE,1,1,1,,1,0
479,7585,9,1,17,0,1738636455,False,IN_SERVICE,1,1,1,,9,0
480,7586,3,1,18,1,1738636355,False,IN_SERVICE,1,1,1,,3,0
481,7587,3,0,16,0,1738636346,False,IN_SERVICE,1,1,1,,3,0
482,7588,7,0,12,0,1738636352,False,IN_SERVICE,1,1,1,,7,0
483,7589,4,0,11,0,1738636339,False,IN_SERVICE,1,1,1,,4,0
484,7590,2,0,21,0,1738636365,False,IN_SERVICE,1,1,1,,2,0
485,7591,1,1,21,0,1738636361,False,IN_SERVICE,1,1,1,,1,0
486,7593,4,0,23,0,1738636394,False,IN_SERVICE,1,1,1,,4,0
487,7594,4,0,11,0,1738636463,False,IN_SERVICE,1,1,1,,4,0
488,7595,1,0,14,0,1738636445,False,IN_SERVICE,1,1,1,,1,0
489,7596,6,0,26,0,1738636387,False,IN_SERVICE,1,1,1,,6,0
490,7597,0,0,15,0,1738636376,False,IN_SERVICE,1,1,1,,0,0
491,7598,0,0,15,0,1738636421,False,IN_SERVICE,1,1,1,,0,0
492,7599,0,0,17,0,1738636491,False,IN_SERVICE,1,1,1,,0,0
493,7600,9,0,11,0,1738636471,False,IN_SERVICE,1,1,1,,9,0
494,7601,10,0,11,0,1738636343,False,IN_SERVICE,1,1,1,,10,0
495,7602,5,0,14,0,1738636400,False,IN_SERVICE,1,1,1,,5,0
496,7603,1,1,12,0,1738636391,False,IN_SERVICE,1,1,1,,1,0
497,7604,3,1,15,0,1738636440,False,IN_SERVICE,1,1,1,,3,0
498,7605,1,0,19,0,1738636461,False,IN_SERVICE,1,1,1,,1,0
499,7606,3,0,16,0,1738636382,False,IN_SERVICE,1,1,1,,3,0
500,7607,7,2,10,0,1738636399,False,IN_SERVICE,1,1,1,,7,0
501,7608,6,0,21,0,1738636461,False,IN_SERVICE,1,1,1,,6,0
502,7609,14,0,13,0,1738636343,False,IN_SERVICE,1,1,1,,14,0
503,7610,2,0,13,0,1738636338,False,IN_SERVICE,1,1,1,,2,0
504,7611,4,0,15,0,1738636361,False,IN_SERVICE,1,1,1,,4,0
505,7612,5,0,14,0,1738636506,False,IN_SERVICE,1,1,1,,5,0
506,7613,3,0,15,1,1738636408,False,IN_SERVICE,1,1,1,,3,0
507,7614,9,0,14,0,1738636450,False,IN_SERVICE,1,1,1,,9,0
508,7615,0,0,19,0,1738636451,False,IN_SERVICE,1,1,1,,0,0
509,7616,18,1,0,0,1738636435,False,IN_SERVICE,1,1,1,,18,0
510,7617,17,0,1,0,1738636508,False,IN_SERVICE,1,1,1,,17,0
511,7618,0,0,19,0,1738636482,False,IN_SERVICE,1,1,1,,0,0
512,7619,1,0,14,0,1738636436,False,IN_SERVICE,1,1,1,,1,0
513,7620,0,1,30,0,1738636466,False,IN_SERVICE,1,1,1,,0,0
514,7622,3,1,19,0,1738636445,False,IN_SERVICE,1,1,1,,3,0
515,7623,15,1,3,0,1738636446,False,IN_SERVICE,1,1,1,,15,0
516,7624,10,0,1,0,1738636357,False,IN_SERVICE,1,1,1,,10,0
517,7625,2,1,20,0,1738636331,False,IN_SERVICE,1,1,1,,2,0
518,7626,21,0,4,0,1738636385,False,IN_SERVICE,1,1,1,,21,0
519,7627,5,0,10,0,1738636423,False,IN_SERVICE,1,1,1,,5,0
520,7629,8,0,7,0,1738636379,False,IN_SERVICE,1,1,1,,8,0
521,7630,18,0,5,0,1738636505,False,IN_SERVICE,1,1,1,,18,0
522,7631,13,2,0,0,1738636477,False,IN_SERVICE,1,1,1,,13,0
523,7632,1,0,16,0,1738636364,False,IN_SERVICE,1,1,1,,1,0
524,7633,2,0,13,0,1738636363,False,IN_SERVICE,1,1,1,,2,0
525,7635,3,0,12,0,1738636347,False,IN_SERVICE,1,1,1,,3,0
526,7636,3,0,20,0,1738636359,False,IN_SERVICE,1,1,1,,3,0
527,7637,2,2,15,0,1738636471,False,IN_SERVICE,1,1,1,,2,0
528,7639,2,0,14,0,1738636349,False,IN_SERVICE,1,1,1,,2,0
529,7640,11,0,4,0,1738636447,False,IN_SERVICE,1,1,1,,11,0
530,7641,4,1,10,0,1738636494,False,IN_SERVICE,1,1,1,,4,0
531,7642,0,0,18,1,1738636375,False,IN_SERVICE,1,1,1,,0,0
532,7643,0,0,19,0,1738636345,False,IN_SERVICE,1,1,1,,0,0
533,7644,4,1,10,0,1738636409,False,IN_SERVICE,1,1,1,,4,0
534,7645,6,5,5,0,1738636416,False,IN_SERVICE,1,1,1,,6,0
535,7646,13,0,1,0,1738636464,False,IN_SERVICE,1,1,1,,13,0
536,7647,4,0,13,0,1738636389,False,IN_SERVICE,1,1,1,,4,0
537,7650,0,0,23,0,1738636449,False,IN_SERVICE,1,1,1,,0,0
538,7654,2,0,5,0,1738636482,False,IN_SERVICE,1,1,1,,2,0
539,7655,1,0,14,0,1738636340,False,IN_SERVICE,1,1,1,,1,0
540,7656,2,0,9,0,1738636437,False,IN_SERVICE,1,1,1,,2,0
541,7657,18,0,1,1,1738636416,True,IN_SERVICE,1,1,1,,18,0
542,7658,10,0,17,0,1738636478,False,IN_SERVICE,1,1,1,,10,0
543,7659,8,0,11,0,1738636356,False,IN_SERVICE,1,1,1,,8,0
544,7660,34,0,5,0,1738636372,False,IN_SERVICE,1,1,1,,34,0
545,7662,1,1,17,0,1738636377,False,IN_SERVICE,1,1,1,,1,0
546,7663,3,0,14,0,1738636496,False,IN_SERVICE,1,1,1,,3,0
547,7664,6,0,9,0,1738636340,False,IN_SERVICE,1,1,1,,6,0
548,7665,2,0,9,0,1738636329,False,IN_SERVICE,1,1,1,,2,0
549,7666,1,1,24,0,1738636411,False,IN_SERVICE,1,1,1,,1,0
550,7667,17,1,17,0,1738636333,False,IN_SERVICE,1,1,1,,17,0
551,7668,2,1,17,0,1738636389,True,IN_SERVICE,1,1,1,,2,0
552,7671,0,0,12,0,1738636383,False,IN_SERVICE,1,1,1,,0,0
553,7675,2,0,12,1,1738636333,False,IN_SERVICE,1,1,1,,1,1
554,7676,6,1,9,0,1738636434,False,IN_SERVICE,1,1,1,,6,0
555,7677,1,1,14,0,1738636335,False,IN_SERVICE,1,1,1,,1,0
556,7678,0,0,16,0,1738636465,False,IN_SERVICE,1,1,1,,0,0
557,7679,0,0,15,0,1738636493,False,IN_SERVICE,1,1,1,,0,0
558,7680,9,0,9,1,1738636357,False,IN_SERVICE,1,1,1,,9,0
559,7681,9,1,13,0,1738636452,True,IN_SERVICE,1,1,1,,8,1
560,7682,8,1,25,1,1738636486,False,IN_SERVICE,1,1,1,,8,0
561,7684,19,0,4,0,1738636481,False,IN_SERVICE,1,1,1,,19,0
562,7685,18,0,3,0,1738636402,False,IN_SERVICE,1,1,1,,18,0
563,7686,10,1,3,0,1738636505,False,IN_SERVICE,1,1,1,,10,0
564,7687,2,2,8,0,1738636365,False,IN_SERVICE,1,1,1,,2,0
565,7688,3,1,11,0,1738636443,False,IN_SERVICE,1,1,1,,3,0
566,7691,1,1,17,0,1738636402,False,IN_SERVICE,1,1,1,,1,0
567,7692,26,0,0,0,1738636471,True,IN_SERVICE,1,1,1,,26,0
568,7693,9,0,9,1,1738636346,False,IN_SERVICE,1,1,1,,9,0
569,7694,0,0,19,0,1738636335,False,IN_SERVICE,1,1,1,,0,0
570,7695,10,2,7,0,1738636470,False,IN_SERVICE,1,1,1,,10,0
571,7696,11,0,8,0,1738636367,False,IN_SERVICE,1,1,1,,11,0
572,7698,2,1,11,0,1738636339,False,IN_SERVICE,1,1,1,,1,1
573,7699,1,0,14,0,1738636490,False,IN_SERVICE,1,1,1,,0,1
574,7700,0,0,15,0,1738636431,False,IN_SERVICE,1,1,1,,0,0
575,7701,3,2,14,0,1738636414,False,IN_SERVICE,1,1,1,,3,0
576,7702,15,1,2,0,1738636482,True,IN_SERVICE,1,1,1,,15,0
577,7703,10,0,9,0,1738636347,False,IN_SERVICE,1,1,1,,10,0
578,7704,3,0,16,0,1738636441,False,IN_SERVICE,1,1,1,,3,0
579,7705,19,0,0,0,1738636344,False,IN_SERVICE,1,1,1,,19,0
580,7706,7,1,19,0,1738636399,False,IN_SERVICE,1,1,1,,7,0
581,7707,4,1,14,0,1738636391,False,IN_SERVICE,1,1,1,,4,0
582,7708,6,0,21,0,1738636381,True,IN_SERVICE,1,1,1,,6,0
583,7709,1,0,22,0,1738636339,False,IN_SERVICE,1,1,1,,1,0
584,7710,2,0,16,0,1738636353,True,IN_SERVICE,1,1,1,,2,0
585,7711,3,0,12,0,1738636396,False,IN_SERVICE,1,1,1,,3,0
586,7712,13,1,8,0,1738636387,False,IN_SERVICE,1,1,1,,13,0
587,7713,15,0,8,0,1738636501,False,IN_SERVICE,1,1,1,,15,0
588,7715,3,0,6,0,1738636375,False,IN_SERVICE,1,1,1,,3,0
589,7716,15,0,4,0,1738636485,False,IN_SERVICE,1,1,1,,15,0
590,7717,6,0,5,0,1738636405,False,IN_SERVICE,1,1,1,,6,0
591,7718,7,1,2,1,1738636495,False,IN_SERVICE,1,1,1,,7,0
592,7719,16,0,10,1,1738636351,False,IN_SERVICE,1,1,1,,16,0
593,7720,16,1,15,0,1738636393,False,IN_SERVICE,1,1,1,,16,0
594,7721,5,2,3,1,1738636491,False,IN_SERVICE,1,1,1,,5,0
595,7724,3,2,9,1,1738636405,False,IN_SERVICE,1,1,1,,3,0
596,7728,6,1,12,0,1738636444,False,IN_SERVICE,1,1,1,,6,0
597,7729,5,1,37,0,1738636348,True,IN_SERVICE,1,1,1,,5,0
598,7730,3,0,39,0,1738636450,True,IN_SERVICE,1,1,1,,3,0
599,7731,10,0,5,0,1738636369,False,IN_SERVICE,1,1,1,,10,0
600,7732,6,0,9,0,1738636353,False,IN_SERVICE,1,1,1,,6,0
601,7733,6,0,9,0,1738636390,False,IN_SERVICE,1,1,1,,6,0
602,7734,2,0,13,0,1738636453,False,IN_SERVICE,1,1,1,,2,0
603,7735,1,0,14,0,1738636505,False,IN_SERVICE,1,1,1,,1,0
604,7736,9,0,6,0,1738636396,False,IN_SERVICE,1,1,1,,9,0
605,7737,9,0,6,0,1738636434,False,IN_SERVICE,1,1,1,,9,0
606,7738,6,0,9,0,1738636367,False,IN_SERVICE,1,1,1,,6,0
607,7739,3,0,12,0,1738636348,False,IN_SERVICE,1,1,1,,3,0
608,7740,3,0,12,0,1738636339,False,IN_SERVICE,1,1,1,,3,0
609,7741,6,0,9,0,1738636400,False,IN_SERVICE,1,1,1,,6,0
610,7742,11,0,8,0,1738636411,False,IN_SERVICE,1,1,1,,11,0
611,7743,4,0,15,0,1738636443,False,IN_SERVICE,1,1,1,,4,0
612,7744,1,0,22,0,1738636498,False,IN_SERVICE,1,1,1,,0,1
613,7745,7,0,8,0,1738636429,False,IN_SERVICE,1,1,1,,6,1
614,7746,1,1,17,0,1738636396,False,IN_SERVICE,1,1,1,,1,0
615,7747,4,1,10,0,1738636407,False,IN_SERVICE,1,1,1,,4,0
616,7748,9,0,10,0,1738636338,False,IN_SERVICE,1,1,1,,9,0
617,7749,4,0,11,0,1738636401,False,IN_SERVICE,1,1,1,,4,0
618,7750,6,0,9,0,1738636506,False,IN_SERVICE,1,1,1,,6,0
619,7751,1,0,14,0,1738636399,False,IN_SERVICE,1,1,1,,1,0
620,7752,4,1,18,0,1738636493,False,IN_SERVICE,1,1,1,,4,0
621,7753,4,0,11,0,1738636356,False,IN_SERVICE,1,1,1,,4,0
622,7754,2,1,11,0,1738636376,False,IN_SERVICE,1,1,1,,2,0
623,7755,0,2,13,0,1738636485,False,IN_SERVICE,1,1,1,,0,0
624,7756,1,0,18,0,1738636334,False,IN_SERVICE,1,1,1,,1,0
625,7757,16,0,3,0,1738636392,True,IN_SERVICE,1,1,1,,16,0
626,7758,11,0,8,0,1738636484,False,IN_SERVICE,1,1,1,,11,0
627,7759,3,0,11,0,1738636345,False,IN_SERVICE,1,1,1,,3,0
628,7760,11,0,12,0,1738636397,False,IN_SERVICE,1,1,1,,11,0
629,7761,12,0,1,0,1738636401,False,IN_SERVICE,1,1,1,,12,0
630,7762,0,1,12,0,1738636417,False,IN_SERVICE,1,1,1,,0,0
631,7765,7,0,8,0,1738636423,False,IN_SERVICE,1,1,1,,7,0
632,7766,0,0,14,0,1738636468,False,IN_SERVICE,1,1,1,,0,0
633,7767,4,0,7,0,1738636333,False,IN_SERVICE,1,1,1,,4,0
634,7768,14,0,0,0,1738636477,False,IN_SERVICE,1,1,1,,13,1
635,7769,8,1,6,0,1738636472,False,IN_SERVICE,1,1,1,,8,0
636,7770,20,1,1,0,1738636407,False,IN_SERVICE,1,1,1,,20,0
637,7771,3,0,8,0,1738636479,False,IN_SERVICE,1,1,1,,3,0
638,7772,4,0,11,0,1738636360,False,IN_SERVICE,1,1,1,,4,0
639,7773,14,0,0,0,1738636385,False,IN_SERVICE,1,1,1,,14,0
640,7774,5,0,10,0,1738636499,False,IN_SERVICE,1,1,1,,5,0
641,7775,7,0,4,0,1738636479,False,IN_SERVICE,1,1,1,,7,0
642,7776,18,0,1,0,1738636413,False,IN_SERVICE,1,1,1,,18,0
643,7777,6,1,7,1,1738636509,False,IN_SERVICE,1,1,1,,5,1
644,7778,2,1,6,2,1738636347,False,IN_SERVICE,1,1,1,,2,0
645,7779,4,0,11,0,1738636439,False,IN_SERVICE,1,1,1,,4,0
646,7780,1,0,15,0,1738636353,False,IN_SERVICE,1,1,1,,1,0
647,7781,1,0,14,0,1738636468,False,IN_SERVICE,1,1,1,,0,1
648,7782,1,0,19,0,1738636467,False,IN_SERVICE,1,1,1,,1,0
649,7783,14,0,6,0,1738636373,False,IN_SERVICE,1,1,1,,14,0
650,7784,9,0,8,2,1738636482,False,IN_SERVICE,1,1,1,,9,0
651,7785,16,0,0,0,1738636333,False,IN_SERVICE,1,1,1,,16,0
652,7787,18,0,13,0,1738636359,False,IN_SERVICE,1,1,1,,18,0
653,7788,20,0,3,0,1738636396,False,IN_SERVICE,1,1,1,,20,0
654,7789,0,0,23,0,1738636364,True,IN_SERVICE,1,1,1,,0,0
655,7790,1,2,14,0,1738636461,False,IN_SERVICE,1,1,1,,1,0
656,7791,11,1,3,0,1738636502,False,IN_SERVICE,1,1,1,,11,0
657,7792,15,0,0,0,1738636505,False,IN_SERVICE,1,1,1,,15,0
658,7794,9,0,5,0,1738636458,False,IN_SERVICE,1,1,1,,9,0
659,7796,9,0,9,0,1738636413,False,IN_SERVICE,1,1,1,,9,0
660,7798,8,0,7,0,1738636353,False,IN_SERVICE,1,1,1,,8,0
661,7799,11,0,4,0,1738636376,False,IN_SERVICE,1,1,1,,11,0
662,7800,5,0,14,0,1738636422,False,IN_SERVICE,1,1,1,,5,0
663,7801,4,0,11,0,1738636405,False,IN_SERVICE,1,1,1,,4,0
664,7802,2,0,10,0,1738636353,False,IN_SERVICE,1,1,1,,2,0
665,7803,16,0,3,0,1738636476,False,IN_SERVICE,1,1,1,,16,0
666,7804,9,0,3,0,1738636463,False,IN_SERVICE,1,1,1,,9,0
667,7805,15,0,4,0,1738636349,False,IN_SERVICE,1,1,1,,15,0
668,7806,5,0,10,0,1738636385,False,IN_SERVICE,1,1,1,,5,0
669,7807,2,0,13,0,1738636501,False,IN_SERVICE,1,1,1,,2,0
670,7808,5,0,9,0,1738636484,False,IN_SERVICE,1,1,1,,5,0
671,7809,6,0,13,0,1738636497,False,IN_SERVICE,1,1,1,,6,0
672,7810,0,0,15,0,1738636386,False,IN_SERVICE,1,1,1,,0,0
673,7811,7,0,12,0,1738636336,False,IN_SERVICE,1,1,1,,7,0
674,7812,5,0,14,0,1738636496,False,IN_SERVICE,1,1,1,,5,0
675,7813,0,0,22,1,1738636425,False,IN_SERVICE,1,1,1,,0,0
676,7814,2,0,13,0,1738636501,False,IN_SERVICE,1,1,1,,2,0
677,7815,2,0,13,0,1738636436,False,IN_SERVICE,1,1,1,,2,0
678,7816,37,0,18,0,1738636454,False,IN_SERVICE,1,1,1,,37,0
679,7817,7,0,8,0,1738636429,False,IN_SERVICE,1,1,1,,7,0
680,7818,0,0,19,0,1738636428,False,IN_SERVICE,1,1,1,,0,0
681,7819,0,0,15,0,1738636414,False,IN_SERVICE,1,1,1,,0,0
682,7820,1,0,14,0,1738636417,True,IN_SERVICE,1,1,1,,1,0
683,7821,9,0,10,1,1738636371,False,IN_SERVICE,1,1,1,,7,2
684,7822,2,0,17,0,1738636454,False,IN_SERVICE,1,1,1,,2,0
685,7823,4,2,5,0,1738636494,False,IN_SERVICE,1,1,1,,4,0
686,7824,1,0,18,0,1738636399,False,IN_SERVICE,1,1,1,,1,0
687,7825,2,0,12,0,1738636355,False,IN_SERVICE,1,1,1,,2,0
688,7826,11,1,3,0,1738636410,False,IN_SERVICE,1,1,1,,11,0
689,7827,11,0,3,0,1738636381,False,IN_SERVICE,1,1,1,,11,0
690,7828,2,1,8,0,1738636336,False,IN_SERVICE,1,1,1,,2,0
691,7829,12,0,2,0,1738636379,False,IN_SERVICE,1,1,1,,12,0
692,7830,2,0,12,0,1738636501,False,IN_SERVICE,1,1,1,,2,0
693,7831,8,0,10,0,1738636422,False,IN_SERVICE,1,1,1,,8,0
694,7832,0,0,19,0,1738636490,False,IN_SERVICE,1,1,1,,0,0
695,7833,1,0,14,0,1738636504,False,IN_SERVICE,1,1,1,,1,0
696,7834,5,1,9,0,1738636364,False,IN_SERVICE,1,1,1,,5,0
697,7835,9,0,10,0,1738636350,False,IN_SERVICE,1,1,1,,9,0
698,7836,1,0,18,0,1738636381,False,IN_SERVICE,1,1,1,,1,0
699,7837,6,0,11,0,1738636503,False,IN_SERVICE,1,1,1,,6,0
700,7838,9,1,8,1,1738636445,False,IN_SERVICE,1,1,1,,9,0
701,7839,10,0,1,0,1738636485,False,IN_SERVICE,1,1,1,,10,0
702,7840,6,2,7,0,1738636346,False,IN_SERVICE,1,1,1,,6,0
703,7841,10,1,4,0,1738636400,False,IN_SERVICE,1,1,1,,10,0
704,7842,5,0,6,0,1738636507,False,IN_SERVICE,1,1,1,,5,0
705,7843,14,1,0,0,1738636451,False,IN_SERVICE,1,1,1,,14,0
706,7844,14,0,1,0,1738636456,False,IN_SERVICE,1,1,1,,14,0
707,7845,9,2,4,0,1738636364,False,IN_SERVICE,1,1,1,,9,0
708,7846,9,0,6,0,1738636501,False,IN_SERVICE,1,1,1,,9,0
709,7848,12,0,11,0,1738636442,False,IN_SERVICE,1,1,1,,12,0
710,7849,2,0,12,0,1738636395,False,IN_SERVICE,1,1,1,,2,0
711,7850,0,1,14,1,1738636347,False,IN_SERVICE,1,1,1,,0,0
712,7851,4,0,11,0,1738636420,False,IN_SERVICE,1,1,1,,4,0
713,7852,6,0,17,0,1738636378,False,IN_SERVICE,1,1,1,,6,0
714,7853,3,0,12,0,1738636393,False,IN_SERVICE,1,1,1,,3,0
715,7854,1,0,18,0,1738636492,False,IN_SERVICE,1,1,1,,1,0
716,7856,1,0,14,0,1738636449,False,IN_SERVICE,1,1,1,,1,0
717,7857,4,0,15,0,1738636398,False,IN_SERVICE,1,1,1,,4,0
718,7858,8,0,15,0,1738636505,False,IN_SERVICE,1,1,1,,8,0
719,7859,0,1,14,0,1738636338,False,IN_SERVICE,1,1,1,,0,0
720,7860,0,0,15,0,1738636459,False,IN_SERVICE,1,1,1,,0,0
721,7861,1,0,18,0,1738636365,False,IN_SERVICE,1,1,1,,1,0
722,7862,3,1,10,0,1738636390,False,IN_SERVICE,1,1,1,,3,0
723,7863,6,1,8,0,1738636472,False,IN_SERVICE,1,1,1,,6,0
724,7864,1,1,13,0,1738636429,False,IN_SERVICE,1,1,1,,1,0
725,7865,1,0,42,0,1738636352,True,IN_SERVICE,1,1,1,,1,0
726,7866,5,0,18,0,1738636353,True,IN_SERVICE,1,1,1,,5,0
727,7867,0,0,15,0,1738636402,True,IN_SERVICE,1,1,1,,0,0
728,7868,3,1,15,0,1738636382,False,IN_SERVICE,1,1,1,,3,0
729,7869,9,0,6,0,1738636438,False,IN_SERVICE,1,1,1,,9,0
730,7870,6,1,8,0,1738636459,False,IN_SERVICE,1,1,1,,6,0
731,7871,6,0,8,0,1738636367,False,IN_SERVICE,1,1,1,,6,0
732,7872,10,1,4,0,1738636438,False,IN_SERVICE,1,1,1,,10,0
733,7873,4,1,9,0,1738636401,False,IN_SERVICE,1,1,1,,4,0
734,7874,6,0,9,0,1738636378,False,IN_SERVICE,1,1,1,,6,0
735,7875,2,0,12,0,1738636500,False,IN_SERVICE,1,1,1,,2,0
736,7876,0,0,15,0,1738636363,False,IN_SERVICE,1,1,1,,0,0
737,7877,2,0,13,0,1738636377,False,IN_SERVICE,1,1,1,,2,0
738,7878,2,0,13,0,1738636452,False,IN_SERVICE,1,1,1,,2,0
739,7879,2,0,10,0,1738636388,False,IN_SERVICE,1,1,1,,2,0
740,7880,1,0,14,0,1738636336,False,IN_SERVICE,1,1,1,,1,0
741,7881,15,0,12,0,1738636471,False,IN_SERVICE,1,1,1,,15,0
742,7882,9,0,6,0,1738636384,False,IN_SERVICE,1,1,1,,9,0
743,7883,1,0,10,0,1738636463,False,IN_SERVICE,1,1,1,,1,0
744,7884,11,0,4,0,1738636464,False,IN_SERVICE,1,1,1,,11,0
745,7885,2,0,9,0,1738636420,False,IN_SERVICE,1,1,1,,2,0
746,7886,12,0,3,0,1738636453,False,IN_SERVICE,1,1,1,,12,0
747,7887,2,1,40,0,1738636494,True,IN_SERVICE,1,1,1,,2,0
748,7888,2,0,13,0,1738636444,False,IN_SERVICE,1,1,1,,2,0
749,7889,0,0,17,1,1738636455,False,IN_SERVICE,1,1,1,,0,0
750,7890,0,0,23,0,1738636417,False,IN_SERVICE,1,1,1,,0,0
751,7891,1,1,17,0,1738636370,False,IN_SERVICE,1,1,1,,1,0
752,7893,0,0,19,0,1738636496,False,IN_SERVICE,1,1,1,,0,0
753,7894,6,0,9,0,1738636440,False,IN_SERVICE,1,1,1,,6,0
754,7895,6,0,8,1,1738636375,False,IN_SERVICE,1,1,1,,6,0
755,7896,1,0,14,0,1738636430,False,IN_SERVICE,1,1,1,,1,0
756,7897,9,0,6,0,1738636359,False,IN_SERVICE,1,1,1,,9,0
757,7898,0,0,16,0,1738636379,False,IN_SERVICE,1,1,1,,0,0
758,7899,13,0,10,0,1738636471,False,IN_SERVICE,1,1,1,,13,0
759,7900,1,0,10,0,1738636493,False,IN_SERVICE,1,1,1,,1,0
760,7901,1,0,10,0,1738636453,False,IN_SERVICE,1,1,1,,1,0
761,7902,2,0,13,0,1738636418,False,IN_SERVICE,1,1,1,,2,0
762,7903,2,1,12,0,1738636458,False,IN_SERVICE,1,1,1,,2,0
763,7904,1,0,10,0,1738636448,False,IN_SERVICE,1,1,1,,1,0
764,7906,5,1,8,0,1738636339,False,IN_SERVICE,1,1,1,,5,0
765,7907,2,0,38,1,1738636453,True,IN_SERVICE,1,1,1,,1,1
766,7909,5,1,17,0,1738636475,False,IN_SERVICE,1,1,1,,5,0
767,7910,3,0,11,1,1738636497,False,IN_SERVICE,1,1,1,,3,0
768,7911,2,2,15,0,1738636331,False,IN_SERVICE,1,1,1,,2,0
769,7912,5,1,12,1,1738636412,False,IN_SERVICE,1,1,1,,5,0
770,7913,17,2,16,0,1738636456,False,IN_SERVICE,1,1,1,,17,0
771,7914,21,0,6,0,1738636334,False,IN_SERVICE,1,1,1,,21,0
772,7915,1,0,13,0,1738636398,False,IN_SERVICE,1,1,1,,1,0
773,7916,12,0,7,0,1738636433,False,IN_SERVICE,1,1,1,,12,0
774,7917,6,0,12,0,1738636402,False,IN_SERVICE,1,1,1,,6,0
775,7918,0,0,15,0,1738636503,False,IN_SERVICE,1,1,1,,0,0
776,7919,13,1,4,0,1738636416,False,IN_SERVICE,1,1,1,,13,0
777,7920,2,0,13,0,1738636339,False,IN_SERVICE,1,1,1,,2,0
778,7921,1,0,14,0,1738636409,False,IN_SERVICE,1,1,1,,1,0
779,7922,2,0,21,0,1738636433,True,IN_SERVICE,1,1,1,,2,0
780,7923,8,1,10,0,1738636408,False,IN_SERVICE,1,1,1,,8,0
781,7924,7,1,4,0,1738636507,False,IN_SERVICE,1,1,1,,7,0
782,7925,3,1,19,0,1738636396,False,IN_SERVICE,1,1,1,,3,0
783,7926,5,0,19,0,1738636477,False,IN_SERVICE,1,1,1,,5,0
784,7927,7,0,17,0,1738636342,False,IN_SERVICE,1,1,1,,7,0
785,7928,14,0,15,0,1738636403,False,IN_SERVICE,1,1,1,,14,0
786,7929,11,1,0,0,1738636444,False,IN_SERVICE,1,1,1,,10,1
787,7930,1,0,14,0,1738636426,False,IN_SERVICE,1,1,1,,1,0
788,7931,7,0,9,0,1738636430,False,IN_SERVICE,1,1,1,,7,0
789,7932,12,0,0,0,1738636334,False,IN_SERVICE,1,1,1,,12,0
790,7933,8,0,14,1,1738636499,False,IN_SERVICE,1,1,1,,8,0
791,7934,4,0,7,0,1738636440,True,IN_SERVICE,1,1,1,,4,0
792,7935,4,2,9,0,1738636382,False,IN_SERVICE,1,1,1,,1,3
793,7936,10,0,3,0,1738636448,False,IN_SERVICE,1,1,1,,10,0
794,7937,12,0,7,0,1738636425,False,IN_SERVICE,1,1,1,,12,0
795,7938,8,1,6,0,1738636397,False,IN_SERVICE,1,1,1,,8,0
796,7939,4,0,11,1,1738636382,False,IN_SERVICE,1,1,1,,4,0
797,7940,0,0,32,0,1738636452,False,IN_SERVICE,1,1,1,,0,0
798,7941,3,1,11,0,1738636334,False,IN_SERVICE,1,1,1,,3,0
799,7942,0,0,15,0,1738636385,False,IN_SERVICE,1,1,1,,0,0
800,7943,6,0,17,0,1738636497,False,IN_SERVICE,1,1,1,,6,0
801,7944,6,0,17,0,1738636468,False,IN_SERVICE,1,1,1,,6,0
802,7945,13,0,6,0,1738636399,False,IN_SERVICE,1,1,1,,12,1
803,7946,9,1,5,0,1738636386,False,IN_SERVICE,1,1,1,,9,0
804,7947,0,0,11,0,1738636390,False,IN_SERVICE,1,1,1,,0,0
805,7948,11,0,12,0,1738636495,False,IN_SERVICE,1,1,1,,11,0
806,7949,13,1,5,0,1738636370,False,IN_SERVICE,1,1,1,,13,0
807,7950,12,1,9,0,1738636418,False,IN_SERVICE,1,1,1,,12,0
808,7951,9,0,9,0,1738636429,False,IN_SERVICE,1,1,1,,9,0
809,7952,8,2,9,0,1738636408,False,IN_SERVICE,1,1,1,,8,0
810,7953,4,0,10,0,1738636442,False,IN_SERVICE,1,1,1,,4,0
811,7954,9,0,14,0,1738636385,False,IN_SERVICE,1,1,1,,9,0
812,7955,0,2,20,0,1738636469,False,IN_SERVICE,1,1,1,,0,0
813,7956,3,0,7,1,1738636391,False,IN_SERVICE,1,1,1,,3,0
814,7957,2,0,36,1,1738636397,False,IN_SERVICE,1,1,1,,2,0
815,7958,4,0,15,0,1738636477,False,IN_SERVICE,1,1,1,,4,0
816,7959,3,0,12,0,1738636449,False,IN_SERVICE,1,1,1,,3,0
817,7960,9,0,10,0,1738636494,False,IN_SERVICE,1,1,1,,9,0
818,7961,4,0,11,0,1738636367,False,IN_SERVICE,1,1,1,,4,0
819,7962,3,0,12,0,1738636424,False,IN_SERVICE,1,1,1,,3,0
820,7963,10,0,0,0,1738636361,False,IN_SERVICE,1,1,1,,10,0
821,7964,2,0,13,0,1738636362,False,IN_SERVICE,1,1,1,,2,0
822,7965,3,0,16,0,1738636392,False,IN_SERVICE,1,1,1,,3,0
823,7966,0,1,14,0,1738636357,False,IN_SERVICE,1,1,1,,0,0
824,7967,1,0,14,0,1738636389,False,IN_SERVICE,1,1,1,,1,0
825,7968,7,0,12,0,1738636337,False,IN_SERVICE,1,1,1,,7,0
826,7969,11,0,8,0,1738636361,False,IN_SERVICE,1,1,1,,11,0
827,7970,10,1,8,0,1738636359,False,IN_SERVICE,1,1,1,,10,0
828,7971,1,0,13,1,1738636490,False,IN_SERVICE,1,1,1,,1,0
829,7972,3,0,8,0,1738636432,False,IN_SERVICE,1,1,1,,3,0
830,7973,4,0,15,0,1738636478,False,IN_SERVICE,1,1,1,,4,0
831,7974,0,0,19,0,1738636413,False,IN_SERVICE,1,1,1,,0,0
832,7975,3,0,16,0,1738636471,False,IN_SERVICE,1,1,1,,3,0
833,7976,3,0,15,0,1738636377,False,IN_SERVICE,1,1,1,,3,0
834,7977,7,0,7,1,1738636363,False,IN_SERVICE,1,1,1,,7,0
835,7978,13,0,9,0,1738636452,False,IN_SERVICE,1,1,1,,13,0
836,7979,12,0,7,0,1738636412,False,IN_SERVICE,1,1,1,,12,0
837,7980,7,0,8,0,1738636421,False,IN_SERVICE,1,1,1,,7,0
838,7981,5,0,10,0,1738636410,False,IN_SERVICE,1,1,1,,5,0
839,7982,6,0,13,0,1738636412,False,IN_SERVICE,1,1,1,,6,0
840,7983,10,0,4,0,1738636407,False,IN_SERVICE,1,1,1,,10,0
841,7984,7,1,14,1,1738636487,False,IN_SERVICE,1,1,1,,7,0
842,7985,2,1,12,0,1738636378,False,IN_SERVICE,1,1,1,,2,0
843,7986,8,0,11,0,1738636488,False,IN_SERVICE,1,1,1,,8,0
844,7987,1,0,14,0,1738636437,False,IN_SERVICE,1,1,1,,1,0
845,7988,5,0,14,0,1738636342,False,IN_SERVICE,1,1,1,,5,0
846,7989,3,0,12,0,1738636495,False,IN_SERVICE,1,1,1,,3,0
847,7990,4,0,11,0,1738636466,False,IN_SERVICE,1,1,1,,4,0
848,7991,8,0,7,0,1738636449,False,IN_SERVICE,1,1,1,,8,0
849,7992,0,0,11,0,1738636352,False,IN_SERVICE,1,1,1,,0,0
850,7993,1,0,14,0,1738636358,False,IN_SERVICE,1,1,1,,1,0
851,7994,4,0,7,0,1738636474,False,IN_SERVICE,1,1,1,,4,0
852,7995,7,0,8,0,1738636400,False,IN_SERVICE,1,1,1,,7,0
853,7996,2,0,20,0,1738636349,True,IN_SERVICE,1,1,1,,2,0
854,7997,2,0,36,0,1738636343,True,IN_SERVICE,1,1,1,,2,0
855,7998,1,0,18,0,1738636415,False,IN_SERVICE,1,1,1,,1,0
856,7999,4,1,10,0,1738636480,False,IN_SERVICE,1,1,1,,4,0
857,8000,4,0,26,0,1738636456,True,IN_SERVICE,1,1,1,,4,0
858,8001,9,2,4,0,1738636354,False,IN_SERVICE,1,1,1,,9,0
859,8002,4,0,11,0,1738636424,False,IN_SERVICE,1,1,1,,4,0
860,8003,5,1,5,0,1738636362,False,IN_SERVICE,1,1,1,,5,0
861,8008,1,0,15,0,1738636420,False,IN_SERVICE,1,1,1,,1,0
862,8009,1,0,37,0,1738636460,True,IN_SERVICE,1,1,1,,0,1
863,8012,10,0,12,0,1738636395,False,IN_SERVICE,1,1,1,,10,0
864,8013,1,0,11,0,1738636449,False,IN_SERVICE,1,1,1,,1,0
